Average_Transaction_Amount,Last_Purchase_Days_Ago,Total_Spend,Annual_Income
0.1798123412275669,0.6094182825484765,0.9763366519174044,0.0223429275394781
0.0709661558633123,0.6343490304709142,0.6420825139298592,0.5758203606226902
0.6139064164549701,0.554016620498615,0.1491621599475582,0.2638593347519319
0.5572195361796279,0.443213296398892,0.3500983284169125,0.0
0.4827296566418094,0.1329639889196676,0.6167834316617504,0.5640609250755964
0.989510776038679,0.7285318559556787,0.0376352015732546,0.5507895621010191
0.583381135786282,0.0360110803324099,0.751756596197968,0.2825064396908948
0.6127181840531016,0.7285318559556787,0.4587399623074402,0.2739948482472841
0.2319716463164795,0.149584487534626,0.951205547361521,0.5363982528838616
0.4115586331230025,0.7562326869806094,0.3564292445099967,0.128961809833128
0.1171433254117839,0.2797783933518006,0.7014513684038022,0.2538358158808377
0.7749938539703352,0.7839335180055402,0.2762639298590626,0.283178407436443
0.707633368843727,0.0443213296398892,0.9335443297279582,0.1813192966737596
0.1108538883881012,0.6675900277008311,0.2015548180924287,0.3629745772202934
0.6498811767598132,0.0415512465373961,0.173807767944936,0.9633777578676224
0.3851511923297549,0.3767313019390582,0.5917568010488365,0.6315936835031919
0.6701016143571253,0.8670360110803325,0.0899827925270403,0.062884981520887
0.154695566663935,0.6315789473684211,0.5654938954441168,0.6607682831224102
0.5032369089568138,0.590027700831025,0.451305924287119,0.2835703886213462
0.1315455215930508,0.2354570637119113,0.6942027204195347,0.1941986784634337
0.8017085962468244,0.9085872576177284,0.9439169534578828,0.3116810393101131
0.3507948865033188,0.0997229916897507,0.4177667158308752,0.9849927203494234
0.4988527411292304,0.0664819944598338,0.2104187151753523,0.235916675999552
0.7650782594443989,0.9362880886426592,0.3310830465421173,0.9596259379549782
0.6967139228058673,0.8891966759002771,0.711264749262537,0.1888789338111771
0.0752274030975989,0.5401662049861496,0.192608980662078,0.8817336767835146
0.2355978038187331,0.224376731301939,0.9596658882333664,0.3413036174263635
0.3073014832418257,0.8753462603878117,0.5001003769255983,0.8957330048157689
0.5085839547652217,0.224376731301939,0.0794319485414618,0.5382461641841192
0.6635458493812996,0.2493074792243767,0.922832677810554,0.8987568596707359
0.9588420880111448,0.9445983379501384,0.7847447558177648,0.0368462313808937
0.2230394165369171,0.0803324099722991,0.7735322435267127,0.2508119610258708
0.5590018847824305,0.6509695290858726,0.3731020567027204,0.6156904468585508
0.2068343849872982,0.3074792243767313,0.5209203949524747,0.2622354127001904
1.0,0.6509695290858726,0.3160265077023926,0.9610818680703328
0.2894165369171514,0.9445983379501384,0.4285685021304491,0.666200022398925
0.4605220027862001,0.0443213296398892,0.270518887250082,0.1243700302385485
0.85413422928788,0.4099722991689751,0.3345562930186824,0.870758203606227
0.2883717118741293,0.3822714681440443,0.5732802769583744,0.1092507559637137
0.0424895517495697,0.296398891966759,0.9476851851851852,0.7811065068876695
0.3932229779562401,0.2880886426592798,0.8561660111438875,0.5881397692910741
0.5750020486765549,0.6149584487534626,0.1189773844641101,0.8740060477097099
0.1375891174301401,0.0443213296398892,0.7939036381514258,0.9163960129913764
0.1933745800213062,0.2520775623268698,0.8752488938053099,0.5271026990704446
0.3603007457182659,0.736842105263158,0.8124713208784007,0.5851159144361071
0.4649061706137834,0.1551246537396121,0.3185226155358899,0.5123194086683839
0.7512087191674178,0.6814404432132964,0.439471689609964,0.613002575876358
0.6841145619929525,0.2049861495844875,0.9547248852835138,0.8632545637809386
0.446877816930263,0.4487534626038781,0.1678978203867584,0.1912868182327248
0.5304843071375891,0.9058171745152356,0.5797412733529991,0.4321312576996305
0.4777923461443906,0.7119113573407202,0.7618352589314981,0.3983088811737037
0.9721584856182904,0.2991689750692521,0.6054131842019012,0.8433755179751372
0.1990903876096041,0.2437673130193905,0.5128728285807933,0.584667935939075
0.0647586659018274,0.3961218836565097,0.3696789986889545,0.2050061597043342
0.5690813734327624,0.8919667590027701,0.5096679367420519,0.7690110874678016
0.1981275096287797,0.7562326869806094,0.7195448213700427,0.883805577332288
0.087478488896173,0.2105263157894736,0.6566392166502787,0.4553701422331729
0.1758788822420716,0.2520775623268698,0.4276159455916093,0.6595363422555718
0.7450422027370319,0.961218836565097,0.3155789085545722,0.5491096427371487
0.0635499467344095,0.5373961218836565,0.5775135201573255,0.7395565012879383
0.4091616815537162,0.0664819944598338,0.7279723861029171,0.719789450106395
0.7887609604195689,0.0997229916897507,0.0847058341527368,0.2538358158808377
0.6861632385478981,0.1523545706371191,0.9766439282202558,0.0958114010527494
0.4341145619929525,0.5263157894736843,0.4773568092428712,0.0244148280882517
0.7917930017208883,0.4709141274238227,0.5832329564077353,0.8169447866502408
0.9827501434073588,0.7811634349030471,0.4579400196656834,0.6973905252547878
0.961730721953618,0.925207756232687,0.0820048754506719,0.5300705566132826
0.9490699008440546,0.332409972299169,0.3045948049819731,0.4253555829320193
0.2436900762107678,0.7229916897506925,0.9366631842019012,0.072572516519207
0.4004957797262967,0.4155124653739612,0.780826982956408,0.481072908500392
0.0918831434893059,0.3961218836565097,0.2909507128810226,0.959401948706462
0.1642014258788822,0.4875346260387811,0.5475581776466732,0.8448874454026207
0.6285749405883798,0.8753462603878117,0.0366334808259587,0.0385261507447642
0.6444931574203066,0.3656509695290859,0.0859707882661422,0.0561093067532758
0.9449930344997132,0.3518005540166205,0.3701030399868896,0.6270579012207415
0.7607350651479143,0.8476454293628809,0.0804152327105867,0.0349423227685071
0.7368270097517005,0.7506925207756233,0.7692631514257622,0.6432411244260277
0.1680324510366303,0.994459833795014,0.4295855866928876,0.8667263971329378
0.1234737359665656,0.6149584487534626,0.8113507866273354,0.5207190054877366
0.3091862656723756,0.2105263157894736,0.9013141183218618,0.1921267779146601
0.0731377530115545,0.257617728531856,0.1292731891183218,0.4107962817784747
0.5649430467917724,0.7202216066481995,0.4869274418223533,0.3524470825400381
0.0013931000573629,0.7313019390581718,0.8695909128154705,0.6878709821928548
0.8151684012128165,0.0083102493074792,0.2541318420190102,0.8104490984432747
0.1647135950176186,0.4182825484764543,0.0926571206161914,0.9922723709261956
0.8128124231746291,0.0720221606648199,0.1226708456243854,0.8447754507783627
0.9692288781447184,0.149584487534626,0.3874405932481154,0.2904020607010864
0.1737072850938293,0.958448753462604,0.4188473041625696,0.8116810393101132
0.2647299844300581,0.443213296398892,0.6857853982300885,0.393045133833576
0.0026427927558797,0.9695290858725762,0.3343340298262865,0.3899652816664801
0.2193313119724657,0.1994459833795014,0.795151179941003,0.0872998096091387
0.8650127017946406,0.9362880886426592,0.1175280645689938,0.8260163512151417
0.7596082930426944,0.3490304709141275,0.3719487463126844,0.5573972449322433
0.0882364992215029,0.4321329639889197,0.9675936168469356,0.9307313248964052
0.4079529623862984,0.332409972299169,0.2555074156014422,0.1598723261283459
0.6339219863967877,0.2714681440443213,0.8138888888888891,0.110202710269907
0.3389125624846348,0.296398891966759,0.261732833497214,0.9762571396572968
0.6995410964516923,0.3047091412742382,0.3018579973779089,0.1422891701198342
0.69323117266246,0.1772853185595568,0.0,0.6855750923955651
0.0166967139228058,0.1329639889196676,0.2423027286135693,0.232780826520327
0.5186429566500041,0.1828254847645429,0.7885775155686661,0.5210549893605108
0.914139965582234,0.925207756232687,0.1598205506391347,0.0963153768619106
0.9830574448906008,0.3905817174515236,0.9083425516224192,0.0044237876581924
0.869622224043268,0.8670360110803325,0.1796449934447722,0.1332736028670624
0.2835163484389084,0.077562326869806,0.9467397984267454,0.5740844439466906
0.8005408506105055,0.9196675900277008,0.5011174614880368,0.0365662448202486
0.9664221912644432,0.3518005540166205,0.4631821533923304,0.6969985440698847
0.8957633368843727,0.2022160664819944,0.1569669780399869,0.3592787546197783
0.0,0.2714681440443213,0.5837583988856114,0.2674431627281891
0.2787429320658853,0.0581717451523545,0.6604801704359228,0.6367454362190615
0.0927640744079324,0.260387811634349,0.7123709439528025,0.8245604210997873
0.6670900598213554,0.4044321329639889,0.1630920190101606,0.351943106730877
0.7241252151110383,0.2077562326869806,0.4476995247459849,0.5706126105946915
0.3420060640826026,0.2049861495844875,0.2510508849557522,0.6090827640273266
0.0787716135376546,0.8365650969529086,0.3639360045886595,0.9452906260499496
0.2963000901417684,0.0332409972299169,0.234945509668961,0.2018143129129802
0.7406170613783495,0.5401662049861496,0.1623279252704031,0.0101355134953522
0.3567975088093091,0.850415512465374,0.1868608652900688,0.1278418635905476
0.1758379087109727,0.3074792243767313,0.828822517207473,0.8183447194534662
0.9506064082602638,0.2520775623268698,0.4295374467387742,0.7687870982192855
0.3402851757764484,0.3878116343490305,0.4384197803998689,0.975137193414716
0.4088134065393755,0.5096952908587258,0.95133870042609,0.3504311793033935
0.6444521838892076,0.2409972299168975,0.7062561455260572,0.4994960241908389
0.7740924362861591,0.814404432132964,0.8899889380530974,0.8631425691566805
0.541239859051053,0.4515235457063712,0.8695099967223862,0.7412364206518088
0.4001679914775055,0.8725761772853186,0.7397758931497871,0.7790906036510248
0.0374498074244038,0.8836565096952909,0.1958456243854474,0.5167991936387053
0.9902687863640088,0.8642659279778394,0.1864480907899049,0.3180087355806921
0.3642956650004097,0.703601108033241,0.6266224188790561,0.8817896740956436
0.5836269769728755,0.7590027700831026,0.055216527368076,0.9696494568260724
0.985454396459887,0.6537396121883656,0.7939732874467389,0.1126665920035838
0.1197451446365648,0.8448753462603878,0.7615259341199608,0.1095867398364878
0.5555601081701221,0.3434903047091413,0.9959255162241888,1.0000000000000002
0.1373637630090961,0.2409972299168975,0.1003922894133071,0.6865270467017583
0.7725764156354995,0.922437673130194,0.3390855457227139,0.6062828984208758
0.0899164139965582,0.3573407202216067,0.1668858570960341,0.5302945458617986
0.418155371629927,1.0,0.0226462635201573,0.1130025758763579
0.5685077439973777,0.556786703601108,0.2379527204195345,0.8373838055773324
0.3203105793657297,0.0941828254847645,0.843744878728286,0.0478777018703102
0.4875030730148323,0.5013850415512465,0.4552493035070469,0.7664352111098668
0.6241088256985986,0.7617728531855956,0.5066351196329073,0.3012095419419868
0.9036507416209127,0.8227146814404432,0.5882210750573583,0.0681487288610146
0.0466483651561091,0.551246537396122,0.0585351114388725,0.1647440922835704
0.8699295255265098,0.0581717451523545,0.4260959521468371,0.2244372270131034
0.9310415471605344,0.628808864265928,0.2462112831858407,0.8601187143017136
0.6345775628943702,0.1108033240997229,0.8770208538184202,0.0965953634225557
0.8905596984348111,0.5623268698060943,0.7991539659128156,0.5814760891477209
0.8199827911169384,0.8199445983379502,0.1929654211733858,0.0996752155896517
0.7409858231582397,0.8753462603878117,0.981605416256965,0.4114682495240229
0.1647135950176186,0.1523545706371191,0.8733314896755164,0.1010751483928771
0.8441162009341965,0.5290858725761773,0.4498064159292035,0.4459065964833689
0.5658854380070475,0.3130193905817174,0.1511266797771222,0.2808825176391534
0.7786404982381381,0.1357340720221606,1.0,0.5143913092171576
0.1225723182823895,0.3988919667590028,0.2475069649295313,0.1995184231156904
0.3855199541096451,0.3988919667590028,0.3791769092100951,0.528166648000896
0.0023354912726378,0.4238227146814404,0.1810994346116027,0.1869750251987905
0.3324387445710071,0.9667590027700832,0.4550792772861357,0.748292081980065
0.891993772023273,0.3795013850415513,0.697636020976729,0.7085899876805913
0.127140866999918,0.2354570637119113,0.1430606768272697,0.1640161272258931
0.5970458084077686,0.4349030470914127,0.8196226647000985,0.0748124090043677
0.918196345161026,0.8116343490304709,0.2692795394952474,0.3232724829208198
0.8054371875768254,0.3573407202216067,0.9490740740740744,0.2485720685407101
0.7085552732934525,0.9418282548476454,0.6680238036709276,0.8242804345391421
0.9988527411292304,0.1551246537396121,0.8373504588659457,0.0088475753163848
0.9827706301729082,0.5844875346260389,0.5829912323828255,0.9834247956098108
0.3034089977874293,0.0,0.0336723615208128,0.1211221861350655
0.4198762599360812,0.4986149584487535,0.5407243526712555,0.899708813976929
0.5569327214619356,0.5124653739612188,0.2837245984922976,0.5519095083435995
0.6644882405965746,0.0277008310249307,0.1470767781055391,0.9202038302161496
0.6190076210767844,0.1828254847645429,0.2877673303834808,0.4499944002687872
0.3907645660903056,0.6260387811634349,0.3040253195673549,0.072348527270691
0.6711259526345981,0.8060941828254848,0.3440828826614225,0.9753611826632324
0.780299926247644,0.4653739612188366,0.190124139626352,0.6161384253555829
0.8629230517085963,0.1523545706371191,0.7845040560471978,0.5800201590323665
0.6337990658034909,0.7119113573407202,0.2836057849885284,0.4668495912196215
0.9540072113414734,0.8005540166204986,0.2620595706325795,0.0608690782842423
0.9773826108334016,0.0138504155124653,0.6919288757784334,0.4961361854630978
0.3950667868556911,0.1191135734072022,0.62313073582432,0.2943218725501176
0.3307178562648528,0.7811634349030471,0.9353634054408392,0.7046701758315602
0.2664918462673112,0.9667590027700832,0.6157980989839399,0.1613842535558293
0.8304720150782594,0.6343490304709142,0.1263315306456899,0.7714749692014783
0.7118946160780136,0.4986149584487535,0.8789290396591283,0.7605554933363199
0.9212078996967958,0.2216066481994459,0.6218647574565718,0.4259715533654385
0.0649430467917725,0.3739612188365651,0.9999067928548018,0.9572740508455594
0.5720724412029828,0.2465373961218836,0.383633439855785,0.7878261843431515
0.0085634679996722,0.9722991689750692,0.9057860127826944,0.3128009855526935
0.8747234286650823,0.038781163434903,0.9661535152409048,0.4121402172695711
0.1811439809882815,0.5124653739612188,0.6703078908554574,0.1480568932691231
0.2393263951487339,0.1052631578947368,0.7383142822025567,0.95268227125098
0.8212324838154552,0.3213296398891967,0.6086682645034416,0.8052413484152761
0.6049127263787594,0.6398891966759003,0.0308157161586365,0.4894165080076156
0.166352536261575,0.590027700831025,0.1824575958702065,0.5338783738380558
0.6732770630172907,0.2908587257617729,0.5748607014093741,0.1552805465337664
0.4523887568630664,0.2770083102493075,0.5602896591281548,0.9656176503527832
0.0435343767925919,0.2077562326869806,0.6705362995739104,0.223261283458394
0.8114398098828156,0.0,0.0051059078990494,0.1581924067644753
0.3155371629927067,0.7257617728531857,0.8832708538184203,0.1767835143913092
0.8275833811357863,0.0360110803324099,0.678714970501475,0.9848247284130364
0.7876546750798984,0.5706371191135734,0.3356624877089479,0.7183335199910406
0.9690854707858724,0.445983379501385,0.4843657817109144,0.5413820136633442
